{
  "colors": {
    "brand": {
      "blue": {
        "value": "#4179bc",
        "type": "color",
        "description": "Primary Martin Builder Blue"
      },
      "yellow": {
        "value": "#ffd100",
        "type": "color",
        "description": "Accent Yellow for Pricing and Highlights"
      },
      "dark-blue": {
        "value": "#3666a3",
        "type": "color",
        "description": "Navigation Background"
      }
    },
    "status": {
      "success": { "value": "#16a34a", "type": "color" },
      "warning": { "value": "#d97706", "type": "color" },
      "error": { "value": "#dc2626", "type": "color" }
    },
    "ui": {
      "background": { "value": "#f3f4f6", "type": "color" },
      "border": { "value": "#e2e8f0", "type": "color" }
    }
  },
  "spacing": {
    "header-height": { "value": "56px", "type": "spacing" },
    "sidebar-width": { "value": "320px", "type": "spacing" },
    "padding-standard": { "value": "24px", "type": "spacing" }
  },
  "borderRadius": {
    "mb-md": { "value": "8px", "type": "borderRadius" },
    "mb-lg": { "value": "12px", "type": "borderRadius" },
    "mb-xl": { "value": "16px", "type": "borderRadius" }
  },
  "fontFamilies": {
    "main": { "value": "Inter", "type": "fontFamilies" },
    "mono": { "value": "JetBrains Mono", "type": "fontFamilies" }
  }
}
